species_group,cover_type,distribution,sample_size,rss_control_hps,rss_test_stand,rss_diff_stand,chisq_control,chisq_test
sepm,r,weibull,156,171.50179066689074,84920.09230415912,13141407.579523621,11.251326010814017,4874.021913310497
sepm,r,gamma,156,168.99548068870868,164930.11281708776,13224550.32080238,11.132413327814904,7521.86811119663
bop,m,weibull,156,69.53123139291675,103468.04358824299,9014918.13390548,4.30514769112488,3839.479510973313
bop,m,gamma,156,69.75705719624308,76451.92586672123,9071220.291162735,4.353934129741322,4533.327916748646
ers,f,weibull,152,99.87481729528032,210820.7554447997,9031634.581519043,6.793574165441738,223482.4919238175
ers,f,gamma,152,99.49512415977944,190705.17964122846,9014377.89294236,6.739892132862494,66149.30816316184
